UUID,Name,Set,Houses,SAS,Base AERC,Synergy,Antisynergy,Cards
17ad03ba-b16d-429f-971f-0cbd87e66c5b,"Kublai, Weirdo of the Wayward Street",Mass Mutation,"Logos, Sanctum, Shadows",83,67,N/A,N/A,"{""Logos"": [""Causal Loop"", ""Lethologica"", ""Lethologica"", ""Lethologica"", ""Positron Bolt"", ""Standardized Testing"", ""Auto-Encoder"", ""Fission Bloom"", ""Daughter"", ""Even Ivan"", ""Novu Dynamo"", ""Skippy Timehog""], ""Sanctum"": [""Bring Low"", ""Commandeer"", ""Smite"", ""The Spirit’s Way"", ""Font of the Eye"", ""Gizelhart’s Standard"", ""Gizelhart’s Standard"", ""Potion of Invulnerability"", ""Barrister Joya"", ""Dino-Knight"", ""Master of the Grey"", ""The Grey Rider""], ""Shadows"": [""Booby Trap"", ""Dark Wave"", ""Look Over There!"", ""Vandalize"", ""The Sting"", ""Old Bruno"", ""Old Bruno"", ""Rad Penny"", ""Shoulder Id"", ""Shoulder Id"", ""Xeno-Thief"", ""Opportunist""]}"
b6ec766f-6d89-4f91-98a1-567467926c6e,Citizen de Vries,Mass Mutation,"Logos, Untamed",78,67,N/A,N/A,"{""Logos"": [""Diametric Charge"", ""It’s Coming..."", ""Fission Bloom"", ""Bot Bookton"", ""Dino-Bot"", ""Infomorph"", ""Infomorph"", ""Q-Mechs"", ""Research Smoko"", ""Titan Engineer"", ""Ultra Gravitron"", ""Ultra Gravitron""], ""Star"": [""Lay of the Land"", ""Quintrino Flux"", ""Red Alert"", ""Red Alert"", ""Commander Chan"", ""Crewman Jörg"", ""Crewman Jörg"", ""Sensor Chief Garcia"", ""Subject Kirby"", ""Teleporter Chief Tink"", ""Access Denied"", ""Disruption Field""], ""Untamed"": [""Growth Surge"", ""Reclaimed by Nature"", ""Wild Bounty"", ""Mushroom with a View"", ""Niffle Grounds"", ""Dark Faerie"", ""Fandangle"", ""Fandangle"", ""Fandangle"", ""Gloriana's Attendant"", ""Xeno-Beast"", ""Wild Spirit""]}"
4898c3e1-e615-4da1-b9e7-81a7675ce3ea,"Xyleena, Overrated Wasteland Hunter",Call of the Archons,"Dis, Logos, Shadows",75,65,N/A,N/A,"{""Dis"": [""Control the Weak"", ""Fear"", ""Gateway to Dis"", ""Gateway to Dis"", ""Gateway to Dis"", ""Lash of Broken Dreams"", ""Dust Imp"", ""Ember Imp"", ""Gabos Longarms"", ""Shooler"", ""The Terror"", ""Collar of Subordination""], ""Logos"": [""Foggify"", ""Library Access"", ""Batdrone"", ""Dextre"", ""Doc Bookton"", ""Dr. Escotera"", ""Dr. Escotera"", ""Ganymede Archivist"", ""Mother"", ""Titan Mechanic"", ""Titan Mechanic"", ""Rocket Boots""], ""Shadows"": [""Hidden Stash"", ""Longfused Mines"", ""Seeker Needle"", ""Seeker Needle"", ""Speed Sigil"", ""Speed Sigil"", ""Subtle Maul"", ""Carlo Phantom"", ""Shadow Self"", ""Smiling Ruth"", ""Urchin"", ""Silent Dagger""]}"
50d87b3e-0a30-4b9d-8f8d-03d80bb38f8e,Pridemore of Maxplace Zone,Mass Mutation,"Dis, Logos, Shadows",72,64,N/A,N/A,"{""Dis"": [""Break-key"", ""Break-key"", ""Double Doom"", ""Imp-losion"", ""Imp-losion"", ""Mark of Dis"", ""Mindfire"", ""Essence Scale"", ""Dark Minion"", ""Drecker"", ""Hystricog"", ""Infurnace""], ""Logos"": [""Neuro Syphon"", ""Standardized Testing"", ""Auto-Encoder"", ""Fission Bloom"", ""Mutagenic Serum"", ""The Howling Pit"", ""Daughter"", ""Infomorph"", ""Munchling"", ""Research Smoko"", ""Titan Engineer"", ""Titan Engineer""], ""Shadows"": [""Booby Trap"", ""Lights Out"", ""Look Over There!"", ""Mug"", ""Masterplan"", ""Safe House"", ""Boss Zarek"", ""Fidgit"", ""Francis the &ldquo;Economist&rdquo;"", ""Rad Penny"", ""Splinter"", ""The Shadowsmith""]}"
8c7f1653-994b-4efe-91b5-c629120ab67c,"Boris, Jeweler of the Poor Chapel",Mass Mutation,"Saurian, Shadows",72,58,N/A,N/A,"{""Saurian"": [""City-State Interest"", ""Sow Salt"", ""Spoils of Battle"", ""Monument to Shrix"", ""Charybdis"", ""Citizen Shrix"", ""Citizen Shrix"", ""Praefectus Ludo"", ""Praefectus Ludo"", ""Sacro-Saurus"", ""Scylla"", ""Thero Centurion""], ""Shadows"": [""&ldquo;Borrow&rdquo;"", ""Dark Wave"", ""Lights Out"", ""Mug"", ""Miasma Bomb"", ""Safe House"", ""Spike Trap"", ""Bo Nithing"", ""Gamgee"", ""Mastermindy"", ""Nexus"", ""Nexus""], ""Star"": [""Galactic Census"", ""Lay of the Land"", ""Lay of the Land"", ""New Frontiers"", ""Commander Chan"", ""Dino-Alien"", ""Explo-rover"", ""Scout Pete"", ""Securi-Droid"", ""Access Denied"", ""Blast Shielding"", ""Blast Shielding""]}"
498b5944-1636-4619-aeb4-07fc7af41a77,"Xouvhee U. Nevepost, the Second",Call of the Archons,"Logos, Mars, Untamed",70,61,N/A,N/A,"{""Logos"": [""Sloppy Labwork"", ""Sloppy Labwork"", ""Twin Bolt Emission"", ""Twin Bolt Emission"", ""Spectral Tunneler"", ""Batdrone"", ""Dextre"", ""Dr. Escotera"", ""Ganymede Archivist"", ""Mother"", ""Mother"", ""Quixo the “Adventurer”""], ""Mars"": [""EMP Blast"", ""Soft Landing"", ""Combat Pheromones"", ""Invasion Portal"", ""Invasion Portal"", ""Mindwarper"", ""Tunk"", ""Yxili Marauder"", ""Yxili Marauder"", ""“John Smyth”"", ""“John Smyth”"", ""“John Smyth”""], ""Untamed"": [""Full Moon"", ""Key Charge"", ""Nocturnal Maneuver"", ""Nocturnal Maneuver"", ""Regrowth"", ""Regrowth"", ""Save the Pack"", ""Scout"", ""Dew Faerie"", ""Dust Pixie"", ""Dust Pixie"", ""Murmook""]}"
b19f337f-19b8-4f42-bbd3-463f33ede1a9,"Q. Erikson, the City Fieldmarshall",Age of Ascension,"Brobnar, Mars, Untamed",69,58,N/A,N/A,"{""Brobnar"": [""1-2 Punch"", ""Barehanded"", ""First Blood"", ""Brammo"", ""Drummernaut"", ""Drummernaut"", ""Ganger Chieftain"", ""Groke"", ""Lollop the Titanic"", ""Lollop the Titanic"", ""Lollop the Titanic"", ""Lollop the Titanic""], ""Mars"": [""Destroy Them All!"", ""Destroy Them All!"", ""Mars Needs Æmber"", ""Shatter Storm"", ""Invasion Portal"", ""Mindwarper"", ""Mindworm"", ""Mindworm"", ""Tyxl Beambuckler"", ""Tyxl Beambuckler"", ""Tyxl Beambuckler"", ""Yxilx Dominator""], ""Untamed"": [""Fogbank"", ""Key Charge"", ""Lifeweb"", ""Lifeweb"", ""Mimicry"", ""Save the Pack"", ""Soldiers to Flowers"", ""Song of Spring"", ""They’re Everywhere!"", ""Duskwitch"", ""Grovekeeper"", ""Teliga""]}"
80e87e9e-5633-4544-a8d6-8e02e433d1bd,"Elulu S. Catjest, the Most Recent",Call of the Archons,"Brobnar, Logos, Shadows",69,63,N/A,N/A,"{""Brobnar"": [""Barehanded"", ""Burn the Stockpile"", ""Coward’s End"", ""Loot the Bodies"", ""Warsong"", ""Warsong"", ""Screechbomb"", ""Bumpsy"", ""Grenade Snib"", ""Headhunter"", ""Headhunter"", ""Lomir Flamefist""], ""Logos"": [""Effervescent Principle"", ""Help from Future Self"", ""Labwork"", ""Neuro Syphon"", ""Sloppy Labwork"", ""Twin Bolt Emission"", ""Wild Wormhole"", ""Brain Eater"", ""Ozmo, Martianologist"", ""Quixo the “Adventurer”"", ""Timetraveller"", ""Titan Mechanic""], ""Shadows"": [""Ghostly Hand"", ""Miasma"", ""Nerve Blast"", ""Poison Wave"", ""Customs Office"", ""Bad Penny"", ""Carlo Phantom"", ""Noddy the Thief"", ""Old Bruno"", ""Old Bruno"", ""Umbra"", ""Urchin""]}"
721b8563-cff0-42f0-bdff-cf90ca6d5f20,"Mort T. Umberion, the Mad",Age of Ascension,"Mars, Shadows, Untamed",69,59,N/A,N/A,"{""Mars"": [""Carpet Phloxem"", ""Destroy Them All!"", ""Mars First"", ""Phloxem Spike"", ""Combat Pheromones"", ""Collector Worm"", ""Glyxl Proliferator"", ""Glyxl Proliferator"", ""Mindwarper"", ""Mindworm"", ""Skybooster Squadron"", ""Xanthyx Harvester""], ""Shadows"": [""Lethal Distraction"", ""Nerve Blast"", ""Oubliette"", ""Routine Job"", ""Routine Job"", ""Throwing Stars"", ""Skeleton Key"", ""Brend the Fanatic"", ""Gamgee"", ""Knuckles Bolton"", ""Knuckles Bolton"", ""Ronnie Wristclocks""], ""Untamed"": [""Regrowth"", ""Regrowth"", ""Soldiers to Flowers"", ""Song of Spring"", ""The Common Cold"", ""Niffle Grounds"", ""Flaxia"", ""Flaxia"", ""Grovekeeper"", ""Kindrith Longshot"", ""Panpaca, Anga"", ""Camouflage""]}"
cfb141ab-9107-4e06-a0a9-dee19ea798f0,"Nehebkau V. Bowsist, the Brave",Call of the Archons,"Brobnar, Logos, Sanctum",68,61,N/A,N/A,"{""Brobnar"": [""Anger"", ""Punch"", ""Smith"", ""Sound the Horns"", ""Sound the Horns"", ""Tremor"", ""Banner of Battle"", ""Bumpsy"", ""Firespitter"", ""Headhunter"", ""Krump"", ""Smaaash""], ""Logos"": [""Library Access"", ""Phase Shift"", ""Twin Bolt Emission"", ""Wild Wormhole"", ""Batdrone"", ""Brain Eater"", ""Doc Bookton"", ""Dr. Escotera"", ""Mother"", ""Mother"", ""Rocket Boots"", ""Rocket Boots""], ""Sanctum"": [""Blinding Light"", ""Honorable Claim"", ""Inspiration"", ""Inspiration"", ""Inspiration"", ""Take Hostages"", ""Terms of Redress"", ""Potion of Invulnerability"", ""Commander Remiel"", ""Raiding Knight"", ""Sequis"", ""Staunch Knight""]}"
99daa2e6-46e5-4afc-839e-663a684b6a05,"Rinchyn, Vents Count",Call of the Archons,"Logos, Shadows, Untamed",68,60,N/A,N/A,"{""Logos"": [""Dimension Door"", ""Foggify"", ""Library Access"", ""Positron Bolt"", ""Positron Bolt"", ""Remote Access"", ""Wild Wormhole"", ""Pocket Universe"", ""Batdrone"", ""Dextre"", ""Mother"", ""Research Smoko""], ""Shadows"": [""Bait and Switch"", ""Lights Out"", ""Lights Out"", ""Miasma"", ""Nerve Blast"", ""Pawn Sacrifice"", ""Deipno Spymaster"", ""Magda the Rat"", ""Nexus"", ""Noddy the Thief"", ""Umbra"", ""Urchin""], ""Untamed"": [""Cooperative Hunting"", ""Full Moon"", ""Lost in the Woods"", ""Lost in the Woods"", ""Nocturnal Maneuver"", ""Save the Pack"", ""Word of Returning"", ""Ritual of Balance"", ""Murmook"", ""Murmook"", ""Teliga"", ""Way of the Wolf""]}"
ba186858-53d9-492c-b87d-2ed58dd9c0bf,"Tasha, Arena Earl",Age of Ascension,"Mars, Sanctum, Shadows",68,65,N/A,N/A,"{""Mars"": [""Destroy Them All!"", ""Destroy Them All!"", ""Extinction"", ""Hypnobeam"", ""Hypnobeam"", ""Mars First"", ""Orbital Bombardment"", ""Total Recall"", ""Collector Worm"", ""Tyxl Beambuckler"", ""Zorg"", ""Zysysyx Shockworm""], ""Sanctum"": [""Blinding Light"", ""Doorstep to Heaven"", ""Free Markets"", ""Free Markets"", ""Haedroth’s Wall"", ""Abond the Armorsmith"", ""Abond the Armorsmith"", ""Baron Mengevin"", ""Barrister Joya"", ""Bordan the Redeemed"", ""Maruck the Marked"", ""Protect the Weak""], ""Shadows"": [""Furtive Investors"", ""Miasma"", ""Miasma"", ""Oubliette"", ""Sucker Punch"", ""Throwing Stars"", ""Throwing Stars"", ""Whistling Darts"", ""Whistling Darts"", ""Bulleteye"", ""Gamgee"", ""Murkens""]}"
2a23ae36-8200-460b-9eb3-a5a0d1036889,"Bhagat ""Hunter"" Hel",Call of the Archons,"Dis, Mars, Untamed",67,58,N/A,N/A,"{""Dis"": [""Control the Weak"", ""Control the Weak"", ""Control the Weak"", ""Gongoozle"", ""Key Hammer"", ""Poltergeist"", ""Three Fates"", ""Three Fates"", ""Dominator Bauble"", ""Lash of Broken Dreams"", ""Ember Imp"", ""Pit Demon""], ""Mars"": [""Ammonia Clouds"", ""Ammonia Clouds"", ""Battle Fleet"", ""Martians Make Bad Allies"", ""Mothership Support"", ""Soft Landing"", ""Mothergun"", ""Chuff Ape"", ""Mindwarper"", ""Mindwarper"", ""Ulyq Megamouth"", ""Biomatrix Backup""], ""Untamed"": [""Curiosity"", ""Full Moon"", ""Full Moon"", ""Key Charge"", ""Troop Call"", ""Vigor"", ""Dew Faerie"", ""Dust Pixie"", ""Niffle Ape"", ""Niffle Ape"", ""Niffle Ape"", ""Niffle Queen""]}"
010118a0-3476-4e31-a3f0-b3b8d12c12ec,Glove Glorrod,Dark Tidings,"Sanctum, Shadows, Untamed",67,54,N/A,N/A,"{""Sanctum"": [""Hammer-gram"", ""Heal or Harm"", ""Light Everlasting"", ""Haedroth’s Wall"", ""Bull-wark"", ""Grey Augur"", ""Lightsmith Clariel"", ""Lærie of the Lake"", ""Lærie of the Lake"", ""Lærie of the Lake"", ""Seneschal Sargassa"", ""Seneschal Sargassa""], ""Shadows"": [""Early Birds"", ""Loot or Pillage"", ""Loot or Pillage"", ""Mug"", ""Scooped"", ""Trickle-Down Theory"", ""One-Eyed Willa"", ""One-Eyed Willa"", ""One-Eyed Willa"", ""One-Eyed Willa"", ""Sea Urchin"", ""Whisper""], ""Untamed"": [""All Tide Up"", ""All Tide Up"", ""Genetic Drift"", ""Infighting"", ""Waste Not"", ""Mollymawk"", ""Mollymawk"", ""Mookling"", ""Mookling"", ""Myliobe"", ""Myliobe"", ""Witch of the Dawn""]}"
e2d5a1bf-7d56-433e-9753-404184675786,The Family who Misspells Ricerise,Dark Tidings,"Logos, Sanctum, Shadows",67,59,N/A,N/A,"{""Logos"": [""Information Exchange"", ""Mind Bullets"", ""Theory or Conjecture"", ""Hydrocataloguer"", ""Mechabuoy"", ""Universal Keylock"", ""Universal Keylock"", ""Armadrone"", ""Bilgewarden"", ""Novu Archaeologist"", ""PI Sweven"", ""Zenzizenzizenzic""], ""Sanctum"": [""Grand Melee"", ""Shifting Battlefield"", ""Taxing Journey"", ""Badgemagus"", ""Bull-wark"", ""General Xalvador"", ""Orphiel, Sea's Chosen"", ""Orphiel, Sea's Chosen"", ""Orphion, Land's Chosen"", ""Orphion, Land's Chosen"", ""Staunch Knight"", ""Shoulder Armor""], ""Shadows"": [""Cement Shoes"", ""Loot or Pillage"", ""Ransack"", ""Stir Up Trouble"", ""Walk the Plank"", ""Brend the Fanatic"", ""Finch Cloak"", ""Gas-Pipes Malone"", ""Little Niff"", ""One-Eyed Willa"", ""Scowly Caper"", ""Ring of Invisibility""]}"
e36e4f0f-9762-4641-b83e-d3f51fbc995b,Flambard of Oakhampton Home,Call of the Archons,"Dis, Shadows, Untamed",66,57,N/A,N/A,"{""Dis"": [""Fear"", ""Fear"", ""Gongoozle"", ""Charette"", ""Dust Imp"", ""Ember Imp"", ""Gabos Longarms"", ""Pit Demon"", ""Pit Demon"", ""Snudge"", ""Tocsin"", ""Flame-Wreathed""], ""Shadows"": [""Miasma"", ""Pawn Sacrifice"", ""Routine Job"", ""Routine Job"", ""Too Much to Protect"", ""Evasion Sigil"", ""Bad Penny"", ""Bad Penny"", ""Nexus"", ""Silvertooth"", ""Silvertooth"", ""Duskrunner""], ""Untamed"": [""Grasping Vines"", ""Key Charge"", ""Nocturnal Maneuver"", ""Regrowth"", ""Save the Pack"", ""Nepenthe Seed"", ""Ancient Bear"", ""Dust Pixie"", ""Murmook"", ""Murmook"", ""Murmook"", ""Niffle Ape""]}"
f6c9d773-32c8-4610-9e5f-f6742bf45413,"Lumberdar Unter-Xavier, First",Age of Ascension,"Brobnar, Dis, Shadows",66,53,N/A,N/A,"{""Brobnar"": [""Coward’s End"", ""Smith"", ""Tremor"", ""Tremor"", ""Cowfyne"", ""Cowfyne"", ""Culf the Quiet"", ""Flamewake Shaman"", ""Foozle"", ""Gargantes Scrapper"", ""Lollop the Titanic"", ""Blood of Titans""], ""Dis"": [""Hysteria"", ""Misery Exploit"", ""Ortannu’s Binding"", ""Ortannu’s Binding"", ""Red-Hot Armor"", ""Library of the Damned"", ""Angwish"", ""Bloodshard Imp"", ""Gub"", ""Ortannu the Chained"", ""Yurk"", ""Æmber Imp""], ""Shadows"": [""Nerve Blast"", ""Oubliette"", ""Sack of Coins"", ""Throwing Stars"", ""Too Much to Protect"", ""Customs Office"", ""Hideaway Hole"", ""Hideaway Hole"", ""Brend the Fanatic"", ""Knuckles Bolton"", ""Ronnie Wristclocks"", ""Ronnie Wristclocks""]}"
e5a8ee50-60db-49a3-bb49-e2c4dcbe6b3f,"Cliffforge, Spawn of Basox",Call of the Archons,"Brobnar, Dis, Shadows",66,59,N/A,N/A,"{""Brobnar"": [""Loot the Bodies"", ""Warsong"", ""The Warchest"", ""Bumpsy"", ""Earthshaker"", ""Krump"", ""Troll"", ""Troll"", ""Troll"", ""Valdr"", ""Wardrummer"", ""Yo Mama Mastery""], ""Dis"": [""Hand of Dis"", ""Dominator Bauble"", ""Lash of Broken Dreams"", ""Pit Demon"", ""Pit Demon"", ""Pit Demon"", ""Restringuntus"", ""Shooler"", ""Stealer of Souls"", ""Tentacus"", ""The Terror"", ""Flame-Wreathed""], ""Shadows"": [""Lights Out"", ""Miasma"", ""Nerve Blast"", ""One Last Job"", ""Pawn Sacrifice"", ""Pawn Sacrifice"", ""Bad Penny"", ""Bulleteye"", ""Faygin"", ""Nexus"", ""Urchin"", ""Urchin""]}"
a095d4ea-94a8-46d4-8b7f-d3dd5b08914f,Cave Warden Qing,Dark Tidings,"Saurian, Shadows",66,56,N/A,N/A,"{""Saurian"": [""Carpe Vinum"", ""Carpe Vinum"", ""Di-No You Didn't!"", ""Spoils of Battle"", ""Censor Philo"", ""Charybdis"", ""Consul Primus"", ""Faust the Great"", ""Gladiodontus"", ""Lapisaurus"", ""Scylla"", ""Venator Altum""], ""Shadows"": [""Cement Shoes"", ""Cement Shoes"", ""Mug"", ""Mug"", ""Scooped"", ""Dead Man's Chest"", ""Freebooter Faye"", ""One-Eyed Willa"", ""Sea Urchin"", ""Shoulder Id"", ""Whisper"", ""Hand Cannon""], ""Star"": [""Biome Discovery"", ""Lay of the Land"", ""Together!"", ""Unity or Discord"", ""Zap"", ""Zap"", ""Doctor Driscoll"", ""Rocketeer Tryska"", ""Sci. Officer Qincan"", ""Stunner"", ""Universal Translator"", ""Æmber-vac""]}"
18a50406-b89a-469c-8b10-be97ceee158b,Clay the Improbably Bellowing,Call of the Archons,"Brobnar, Sanctum, Shadows",64,57,N/A,N/A,"{""Brobnar"": [""Anger"", ""Relentless Assault"", ""Tremor"", ""Unguarded Camp"", ""Cannon"", ""Cannon"", ""Gauntlet of Command"", ""Mighty Javelin"", ""Screechbomb"", ""Bilgum Avalanche"", ""Krump"", ""Wardrummer""], ""Sanctum"": [""Doorstep to Heaven"", ""Doorstep to Heaven"", ""Shield of Justice"", ""Terms of Redress"", ""Potion of Invulnerability"", ""Round Table"", ""Protectrix"", ""Sergeant Zakiel"", ""The Vaultkeeper"", ""Armageddon Cloak"", ""Protect the Weak"", ""Protect the Weak""], ""Shadows"": [""Ghostly Hand"", ""Miasma"", ""Pawn Sacrifice"", ""Pawn Sacrifice"", ""Subtle Maul"", ""Deipno Spymaster"", ""Dodger"", ""Nexus"", ""Old Bruno"", ""Silvertooth"", ""Umbra"", ""Silent Dagger""]}"
35c0f98d-ac94-468d-b420-96e13ccbd013,Scully of Acing,Call of the Archons,"Dis, Shadows, Untamed",64,60,N/A,N/A,"{""Dis"": [""Arise!"", ""Fear"", ""Fear"", ""Gateway to Dis"", ""Gateway to Dis"", ""Mind Barb"", ""Mind Barb"", ""Charette"", ""Pit Demon"", ""Pit Demon"", ""Stealer of Souls"", ""Tocsin""], ""Shadows"": [""Relentless Whispers"", ""Relentless Whispers"", ""Relentless Whispers"", ""Customs Office"", ""Bad Penny"", ""Carlo Phantom"", ""Magda the Rat"", ""Magda the Rat"", ""Noddy the Thief"", ""Selwyn the Fence"", ""Urchin"", ""Duskrunner""], ""Untamed"": [""Cooperative Hunting"", ""Cooperative Hunting"", ""Cooperative Hunting"", ""Fogbank"", ""Nature’s Call"", ""Scout"", ""Stampede"", ""The Common Cold"", ""Vigor"", ""Murmook"", ""Snufflegator"", ""Witch of the Eye""]}"
12a28571-0d72-496b-a5e1-a547f6c59c0d,"Slowicreed, the Sailor Operator",Age of Ascension,"Brobnar, Sanctum, Shadows",64,55,N/A,N/A,"{""Brobnar"": [""1-2 Punch"", ""Tremor"", ""Gauntlet of Command"", ""Brammo"", ""Culf the Quiet"", ""Drummernaut"", ""Foozle"", ""Gargantes Scrapper"", ""Groke"", ""Groke"", ""Groke"", ""Cybergiant Rig""], ""Sanctum"": [""Golden Aura"", ""One Stood Against Many"", ""Shield of Justice"", ""Smite"", ""Haedroth’s Wall"", ""Sigil of Brotherhood"", ""Baron Mengevin"", ""Challe the Safeguard"", ""Gatekeeper"", ""Maruck the Marked"", ""Maruck the Marked"", ""Sir Marrows""], ""Shadows"": [""Life for a Life"", ""Sucker Punch"", ""Subtle Maul"", ""Subtle Maul"", ""Brend the Fanatic"", ""Brend the Fanatic"", ""Gamgee"", ""Gamgee"", ""Redlock"", ""Ronnie Wristclocks"", ""Ring of Invisibility"", ""Ring of Invisibility""]}"
59978217-ce30-4e4b-ba5d-9e7e8158e9dc,Turing of Dinosaurmuchty Shanty,Call of the Archons,"Brobnar, Logos, Untamed",64,55,N/A,N/A,"{""Brobnar"": [""Anger"", ""Lava Ball"", ""Punch"", ""Smith"", ""Tremor"", ""Tremor"", ""Warsong"", ""Bumpsy"", ""Grenade Snib"", ""Headhunter"", ""Krump"", ""Wardrummer""], ""Logos"": [""Neuro Syphon"", ""Positron Bolt"", ""Positron Bolt"", ""Wild Wormhole"", ""Anomaly Exploiter"", ""Chaos Portal"", ""Batdrone"", ""Dextre"", ""Doc Bookton"", ""Titan Mechanic"", ""Veylan Analyst"", ""Veylan Analyst""], ""Untamed"": [""Key Charge"", ""Nature’s Call"", ""Vigor"", ""Ancient Bear"", ""Dust Pixie"", ""Flaxia"", ""Flaxia"", ""Halacor"", ""Inka the Spider"", ""Niffle Ape"", ""Niffle Ape"", ""Niffle Ape""]}"
64708b6f-f39f-4abd-aaf3-17f95a6d2a4f,The Astonishing Researcher,Age of Ascension,"Mars, Sanctum, Untamed",64,50,N/A,N/A,"{""Mars"": [""Mars First"", ""Mars First"", ""Mars First"", ""Mars Needs Æmber"", ""Mars Needs Æmber"", ""Martian Hounds"", ""Mothership Support"", ""Shatter Storm"", ""Agent Hoo-man"", ""Glyxl Proliferator"", ""Mindwarper"", ""Xanthyx Harvester""], ""Sanctum"": [""Blinding Light"", ""Free Markets"", ""Golden Aura"", ""Shield of Justice"", ""Shield of Justice"", ""Smite"", ""Haedroth’s Wall"", ""Hallowed Shield"", ""Hallowed Shield"", ""Aubade the Grim"", ""Bordan the Redeemed"", ""“Lion” Bautrem""], ""Untamed"": [""Regrowth"", ""Song of Spring"", ""Dharna"", ""Duskwitch"", ""Duskwitch"", ""Duskwitch"", ""Fanghouse"", ""Glimmer"", ""Knoxx"", ""Lupo the Scarred"", ""Panpaca, Anga"", ""Tantadlin""]}"
5f32881c-4447-4d59-a773-74e2600be3d7,The Void that Obfuscates Trouble,Mass Mutation,"Dis, Sanctum, Shadows",64,53,N/A,N/A,"{""Dis"": [""Break-key"", ""Imp-losion"", ""Mark of Dis"", ""Mark of Dis"", ""Stirring Grave"", ""Waking Nightmare"", ""Dark Minion"", ""Gabos Longarms"", ""Impspector"", ""Impspector"", ""Picaroon"", ""Soulkeeper""], ""Sanctum"": [""Burning Glare"", ""Call to Action"", ""Cleansing Wave"", ""Commandeer"", ""One Stood Against Many"", ""Smite"", ""Tempting Offer"", ""Ardent Hero"", ""Lieutenant Gorvenal"", ""Seeker of Truth"", ""The Grey Rider"", ""Mantle of the Zealot""], ""Shadows"": [""One Last Job"", ""Tempting Offer"", ""Vandalize"", ""Vandalize"", ""Vandalize"", ""Lucky Dice"", ""Safe House"", ""Bo Nithing"", ""Macis Asp"", ""Techno-Thief"", ""Bonerot Venom"", ""Opportunist""]}"
c9b1fb30-e7bc-427b-a81f-9badf3a059ab,Polyhelm of Bookville’s Evil Twin,Dark Tidings,"Sanctum, Shadows, Unfathomable",64,57,N/A,N/A,"{""Sanctum"": [""Hammer-gram"", ""Hammer-gram"", ""Heal or Harm"", ""Heal or Harm"", ""Light Everlasting"", ""Radiant Truth"", ""Taxing Journey"", ""Gorm of Omm"", ""Round Table"", ""Bull-wark"", ""General Xalvador"", ""Urien the Circumspect – Evil Twin""], ""Shadows"": [""Cement Shoes"", ""Loot or Pillage"", ""Loot or Pillage"", ""Walk the Plank"", ""Seeker Needle"", ""The Flyin’ Specter"", ""Brend the Fanatic"", ""Francis the &ldquo;Economist&rdquo;"", ""Hobnobber – Evil Twin"", ""Hobnobber – Evil Twin"", ""Sea Urchin – Evil Twin"", ""Whisper""], ""Unfathom"": [""Brain Drain"", ""Rakuzel's Chant"", ""Rakuzel's Chant"", ""Sink or Swim"", ""Storm Surge"", ""Thalassophobia"", ""Thundertow"", ""Giltspine Netcaster – Evil Twin"", ""Photic Raider"", ""Seabringer Kekoa"", ""Seabringer Kekoa"", ""Sparkfist""]}"
0ae6819c-446c-4dc1-9279-34a9eec2427a,Heretic Gwandoya Trophbattle,Age of Ascension,"Brobnar, Dis, Sanctum",63,56,N/A,N/A,"{""Brobnar"": [""1-2 Punch"", ""Coward’s End"", ""Pound"", ""Smith"", ""Gauntlet of Command"", ""Gauntlet of Command"", ""Pile of Skulls"", ""Bingle Bangbang"", ""Cowfyne"", ""Cowfyne"", ""Gargantes Scrapper"", ""Lollop the Titanic""], ""Dis"": [""Banish"", ""Banish"", ""Binding Irons"", ""Binding Irons"", ""Ortannu’s Binding"", ""Ortannu’s Binding"", ""Dust Imp"", ""Dust Imp"", ""Gub"", ""Onyx Knight"", ""Ortannu the Chained"", ""Silver Key Imp""], ""Sanctum"": [""Doorstep to Heaven"", ""Doorstep to Heaven"", ""Golden Aura"", ""Shield of Justice"", ""Shield of Justice"", ""Smite"", ""Take Hostages"", ""Barrister Joya"", ""Bordan the Redeemed"", ""Gatekeeper"", ""Gatekeeper"", ""Rothais the Fierce""]}"
369c7561-8800-4d1c-89d9-4e9a13c44df2,"Radia, Duellist of the Reformed The Spire",Mass Mutation,"Logos, Sanctum",63,59,N/A,N/A,"{""Logos"": [""Eclectic Inquiry"", ""Eclectic Inquiry"", ""Neuro Syphon"", ""Neuro Syphon"", ""Opposition Research"", ""Auto-Encoder"", ""Fission Bloom"", ""[REDACTED]"", ""Bot Bookton"", ""Odd Clawde"", ""Quixo the “Adventurer”"", ""Sacro-Bot""], ""Sanctum"": [""Fangs of Gizelhart"", ""Potion of Invulnerability"", ""Angry Mob"", ""Angry Mob"", ""Angry Mob"", ""Champion Anaphiel"", ""Champion Anaphiel"", ""Lieutenant Gorvenal"", ""Opal Knight"", ""Scrivener Favian"", ""Umbra-Knight"", ""Shoulder Armor""], ""Star"": [""Hadron Collision"", ""Red Alert"", ""Tachyon Pulse"", ""Dino-Alien"", ""Explo-rover"", ""Hayden Oswin"", ""Sensor Chief Garcia"", ""Sensor Chief Garcia"", ""Stealthster"", ""Blast Shielding"", ""Blast Shielding"", ""Universal Translator""]}"
5b0f2693-c9fd-415d-a108-8ad95f0c9902,Penelope Abolier from the Designer’s Pub,Worlds Collide,"Brobnar, Dis, Logos",63,60,N/A,N/A,"{""Brobnar"": [""Barehanded"", ""Berserker Slam"", ""Tremor"", ""Irestaff"", ""Ragwarg"", ""Groke"", ""Narp"", ""Shorty"", ""Shorty"", ""Shorty"", ""Stilt-Kin"", ""Fyre-Breath""], ""Dis"": [""Binding Irons"", ""Draining Touch"", ""Draining Touch"", ""Exhume"", ""Exhume"", ""Not Finished with You"", ""The Evil Eye"", ""The Evil Eye"", ""Dendrix"", ""E’e on the Fringes"", ""Impspector"", ""Onyx Knight""], ""Logos"": [""Knowledge is Power"", ""Tautau Vapors"", ""Anomaly Exploiter"", ""Hologrammophone"", ""Hologrammophone"", ""Memory Chip"", ""Babbling Bibliophile"", ""C.Æ.N.D.L.E. Unit"", ""Daughter"", ""Groupthink Tank"", ""Reassembling Automaton"", ""Replicator""]}"
86f0b92a-5d47-4ca4-ae59-6acbf1ae95d0,The Egghead that Values Life,Mass Mutation,"Shadows, Untamed",63,57,N/A,N/A,"{""Shadows"": [""Dark Wave"", ""Dark Wave"", ""Lights Out"", ""Seeker Needle"", ""Seeker Needle"", ""Bo Nithing"", ""Bo Nithing"", ""Gamgee"", ""Nexus"", ""Sacro-Thief"", ""Shoulder Id"", ""Opportunist""], ""Star"": [""Forging an Alliance"", ""Hadron Collision"", ""Ambassador Liu"", ""Crewman Jörg"", ""LCdr. Trigon"", ""Scout Pete"", ""Subject Kirby"", ""Teleporter Chief Tink"", ""Teleporter Chief Tink"", ""Blast Shielding"", ""Blast Shielding"", ""Detention Coil""], ""Untamed"": [""Look What I Found!"", ""Rapid Evolution"", ""Savage Clash"", ""Mushroom with a View"", ""Bumblebird"", ""Dark Faerie"", ""Dark Faerie"", ""Floomf"", ""Ghosthawk"", ""Gloriana's Attendant"", ""Gloriana's Attendant"", ""Keyfrog""]}"
c3fdc2da-904a-4e37-9327-8529aaf29120,Adler of Jaltio Hall,Call of the Archons,"Brobnar, Mars, Untamed",62,54,N/A,N/A,"{""Brobnar"": [""Burn the Stockpile"", ""Champion’s Challenge"", ""Relentless Assault"", ""Smith"", ""Sound the Horns"", ""Tremor"", ""Warsong"", ""Screechbomb"", ""The Warchest"", ""Earthshaker"", ""Headhunter"", ""Krump""], ""Mars"": [""Mothership Support"", ""Phosphorus Stars"", ""Phosphorus Stars"", ""Mothergun"", ""Blypyp"", ""Grabber Jammer"", ""Mindwarper"", ""Mindwarper"", ""Vezyma Thinkdrone"", ""Yxili Marauder"", ""Yxilo Bolter"", ""Jammer Pack""], ""Untamed"": [""Cooperative Hunting"", ""Fogbank"", ""Grasping Vines"", ""Grasping Vines"", ""Nocturnal Maneuver"", ""Regrowth"", ""Save the Pack"", ""Ritual of the Hunt"", ""Chota Hazri"", ""Dust Pixie"", ""Dust Pixie"", ""Hunting Witch""]}"
ba433fd1-f286-485d-a64d-f7be4a49a1f5,The Rev of Lightcorner,Age of Ascension,"Mars, Sanctum, Shadows",62,52,N/A,N/A,"{""Mars"": [""Carpet Phloxem"", ""Destroy Them All!"", ""Exterminate! Exterminate!"", ""Shatter Storm"", ""Agent Hoo-man"", ""Glyxl Proliferator"", ""Ixxyxli Fixfinger"", ""Nyzyk Resonator"", ""Storm Crawler"", ""Storm Crawler"", ""Yxilx Dominator"", ""Yxilx Dominator""], ""Sanctum"": [""Equalize"", ""Smite"", ""Hallowed Shield"", ""Abond the Armorsmith"", ""Abond the Armorsmith"", ""Aubade the Grim"", ""Barrister Joya"", ""Challe the Safeguard"", ""Sir Marrows"", ""“Lion” Bautrem"", ""Armageddon Cloak"", ""Protect the Weak""], ""Shadows"": [""Dusk Chronicles"", ""Hidden Stash"", ""Oubliette"", ""Swindle"", ""Throwing Stars"", ""Skeleton Key"", ""The Sting"", ""Gamgee"", ""Gamgee"", ""Knuckles Bolton"", ""Knuckles Bolton"", ""Ronnie Wristclocks""]}"
14ac949b-7112-4d5f-b141-1c27d5e97098,"Octavio, Boss of the Rabid Mansion",Call of the Archons,"Brobnar, Mars, Untamed",62,48,N/A,N/A,"{""Brobnar"": [""Burn the Stockpile"", ""Loot the Bodies"", ""The Warchest"", ""Ganger Chieftain"", ""Headhunter"", ""Hebe the Huge"", ""Kelifi Dragon"", ""Krump"", ""Smaaash"", ""Troll"", ""Troll"", ""Wardrummer""], ""Mars"": [""Battle Fleet"", ""Key Abduction"", ""Orbital Bombardment"", ""Phosphorus Stars"", ""Squawker"", ""Squawker"", ""Grabber Jammer"", ""Vezyma Thinkdrone"", ""Yxili Marauder"", ""Yxilo Bolter"", ""Yxilo Bolter"", ""Yxilx Dominator""], ""Untamed"": [""Cooperative Hunting"", ""Fogbank"", ""Full Moon"", ""Lost in the Woods"", ""Dew Faerie"", ""Dew Faerie"", ""Hunting Witch"", ""Murmook"", ""Murmook"", ""Niffle Ape"", ""Snufflegator"", ""Teliga""]}"
ead793cd-aadf-4378-a01b-7493f756ab87,Corteaz the Madly Programmed,Call of the Archons,"Dis, Mars, Untamed",62,53,N/A,N/A,"{""Dis"": [""Control the Weak"", ""Control the Weak"", ""Gateway to Dis"", ""Hand of Dis"", ""Mind Barb"", ""Lash of Broken Dreams"", ""Guardian Demon"", ""Pit Demon"", ""Shaffles"", ""Succubus"", ""Tocsin"", ""Collar of Subordination""], ""Mars"": [""Mass Abduction"", ""Phosphorus Stars"", ""Sample Collection"", ""Soft Landing"", ""Soft Landing"", ""Swap Widget"", ""Phylyx the Disintegrator"", ""Vezyma Thinkdrone"", ""Vezyma Thinkdrone"", ""Yxili Marauder"", ""Yxilx Dominator"", ""Brain Stem Antenna""], ""Untamed"": [""Lifeweb"", ""Nocturnal Maneuver"", ""Save the Pack"", ""Vigor"", ""Ritual of Balance"", ""Dust Pixie"", ""Dust Pixie"", ""Niffle Ape"", ""Niffle Ape"", ""Witch of the Eye"", ""Way of the Bear"", ""Way of the Wolf""]}"
cadd6568-69aa-4816-b2fa-e4ce92490abc,Evil Twin of Cyberflux's Complex Deejay,Dark Tidings,"Sanctum, Untamed",62,50,N/A,N/A,"{""Sanctum"": [""Cleansing Wave"", ""Grand Melee"", ""Heal or Harm"", ""Heal or Harm"", ""Heal or Harm"", ""Shifting Battlefield"", ""Aja the Inconspicuous"", ""Almsmaster – Evil Twin"", ""Bull-wark"", ""General Xalvador"", ""Urien the Circumspect – Evil Twin"", ""Urien the Circumspect – Evil Twin""], ""Star"": [""Grand Alliance Council"", ""Lay of the Land"", ""Exploratory Craft"", ""CH-337A – Evil Twin"", ""Diplomat Agung"", ""Diplomat Agung"", ""Lieutenant Khrkhar"", ""Lieutenant Khrkhar"", ""Officer's Blaster"", ""Universal Translator"", ""Æmber-vac"", ""Æmber-vac""], ""Untamed"": [""All Tide Up"", ""All Tide Up"", ""Beach Day"", ""Persistence Hunting"", ""Fangtooth Cavern"", ""Deepwater Gruen"", ""Keyfrog"", ""Mushroom Man"", ""Myliobe"", ""Youngest Bear – Evil Twin"", ""Instrument of Silence"", ""Way of the Pixie""]}"
ea17525e-228d-4478-9425-a0d182ced17a,"Renata, Opportunistic Tomb King",Call of the Archons,"Dis, Sanctum, Untamed",61,56,N/A,N/A,"{""Dis"": [""Arise!"", ""Fear"", ""Hand of Dis"", ""Pandemonium"", ""Dominator Bauble"", ""Key to Dis"", ""Eater of the Dead"", ""Ember Imp"", ""Ember Imp"", ""Pit Demon"", ""Stealer of Souls"", ""Succubus""], ""Sanctum"": [""Blinding Light"", ""Blinding Light"", ""Glorious Few"", ""Inspiration"", ""Shield of Justice"", ""Take Hostages"", ""Hallowed Blaster"", ""Sigil of Brotherhood"", ""Champion Anaphiel"", ""Champion Tabris"", ""Francus"", ""Raiding Knight""], ""Untamed"": [""Lifeweb"", ""Nocturnal Maneuver"", ""Nocturnal Maneuver"", ""Regrowth"", ""Bear Flute"", ""Ancient Bear"", ""Ancient Bear"", ""Ancient Bear"", ""Dew Faerie"", ""Hunting Witch"", ""Murmook"", ""Witch of the Eye""]}"
0cb23758-b597-47fb-9240-c128f20efc18,"Minerva, River Defender",Call of the Archons,"Brobnar, Logos, Untamed",61,54,N/A,N/A,"{""Brobnar"": [""Anger"", ""Punch"", ""Tremor"", ""Banner of Battle"", ""Gauntlet of Command"", ""Pile of Skulls"", ""Firespitter"", ""Krump"", ""Smaaash"", ""Wardrummer"", ""Blood of Titans"", ""Yo Mama Mastery""], ""Logos"": [""Labwork"", ""Library Access"", ""Wild Wormhole"", ""Library of Babble"", ""Doc Bookton"", ""Dr. Escotera"", ""Dr. Escotera"", ""Mother"", ""Quixo the “Adventurer”"", ""Quixo the “Adventurer”"", ""Research Smoko"", ""Veylan Analyst""], ""Untamed"": [""Fogbank"", ""Regrowth"", ""Regrowth"", ""Regrowth"", ""Save the Pack"", ""Save the Pack"", ""Ancient Bear"", ""Mighty Tiger"", ""Murmook"", ""Murmook"", ""Niffle Ape"", ""Witch of the Wilds""]}"
e68a241b-2848-40b8-8828-cf94de52b8e4,"X. Blight, Windcheth's Frivolous Charlatan",Age of Ascension,"Brobnar, Dis, Mars",61,46,N/A,N/A,"{""Brobnar"": [""Pound"", ""Pound"", ""Relentless Assault"", ""Smith"", ""Tremor"", ""Gauntlet of Command"", ""Brammo"", ""Cowfyne"", ""Foozle"", ""Groggins"", ""Groke"", ""Lollop the Titanic""], ""Dis"": [""Not Finished with You"", ""Not Finished with You"", ""Ortannu’s Binding"", ""Ortannu’s Binding"", ""Unlocked Gateway"", ""Soul Snatcher"", ""Gub"", ""Ortannu the Chained"", ""Skullion"", ""Streke"", ""Yurk"", ""Soulkeeper""], ""Mars"": [""Entropic Manipulator"", ""Mars First"", ""Mars Needs Æmber"", ""Martian Generosity"", ""Sample Collection"", ""Collector Worm"", ""Glyxl Proliferator"", ""Ixxyxli Fixfinger"", ""Mindwarper"", ""Mindworm"", ""Skybooster Squadron"", ""Containment Field""]}"
812957b9-35a2-4143-985d-21afb12b88c5,The Citizen of Ashpier,Age of Ascension,"Brobnar, Dis, Untamed",61,48,N/A,N/A,"{""Brobnar"": [""Coward’s End"", ""The Flex"", ""Grump Buggy"", ""Brammo"", ""Flamewake Shaman"", ""Groggins"", ""Groke"", ""Groke"", ""Groke"", ""Little Rapscal"", ""Lollop the Titanic"", ""Rock-Hurling Giant""], ""Dis"": [""Binding Irons"", ""Exhume"", ""Exhume"", ""Not Finished with You"", ""Ortannu’s Binding"", ""Ortannu’s Binding"", ""Bronze Key Imp"", ""Ortannu the Chained"", ""Overlord Greking"", ""Silver Key Imp"", ""Soulkeeper"", ""Soulkeeper""], ""Untamed"": [""Full Moon"", ""Save the Pack"", ""They’re Everywhere!"", ""Chota Hazri"", ""Fanghouse"", ""Fanghouse"", ""Glimmer"", ""Glimmer"", ""Grovekeeper"", ""Grovekeeper"", ""Witch of the Wilds"", ""Way of the Porcupine""]}"
252d9333-4239-4e95-bf7d-7b97dbd5484f,Mentor Zero,Age of Ascension,"Mars, Sanctum, Shadows",61,55,N/A,N/A,"{""Mars"": [""Hypnobeam"", ""Mars First"", ""Sample Collection"", ""Mothergun"", ""Collector Worm"", ""Ixxyxli Fixfinger"", ""Mindwarper"", ""Skybooster Squadron"", ""Tyxl Beambuckler"", ""Vezyma Thinkdrone"", ""Yxilx Dominator"", ""Zysysyx Shockworm""], ""Sanctum"": [""Golden Aura"", ""Smite"", ""Potion of Invulnerability"", ""Bordan the Redeemed"", ""Challe the Safeguard"", ""Sir Marrows"", ""Sir Marrows"", ""The Grey Rider"", ""“Lion” Bautrem"", ""“Lion” Bautrem"", ""Protect the Weak"", ""Seraphic Armor""], ""Shadows"": [""Dusk Chronicles"", ""Dusk Chronicles"", ""Nightforge"", ""Sucker Punch"", ""Throwing Stars"", ""Customs Office"", ""Hideaway Hole"", ""Lamindra"", ""Lamindra"", ""Lamindra"", ""Ronnie Wristclocks"", ""Ronnie Wristclocks""]}"
cd562264-72de-4f81-8bb7-bee1ef8c8ab7,Spidersparkle the “Advisor”,Dark Tidings,"Sanctum, Shadows, Unfathomable",61,54,N/A,N/A,"{""Sanctum"": [""Bring Low"", ""Doorstep to Heaven"", ""Grand Melee"", ""Hammer-gram"", ""Hammer-gram"", ""Shifting Battlefield"", ""Bull-wark"", ""General Xalvador"", ""Holdfast"", ""Seneschal Sargassa"", ""Urien the Circumspect"", ""Shoulder Armor""], ""Shadows"": [""Loot or Pillage"", ""Mug"", ""Mug"", ""Masterplan"", ""Seeker Needle"", ""Francis the &ldquo;Economist&rdquo;"", ""Francis the &ldquo;Economist&rdquo;"", ""Hard Simpson"", ""Jackie Tar"", ""Monty Bank"", ""One-Eyed Willa"", ""Shoulder Id""], ""Unfathom"": [""Brain Drain"", ""Corrode"", ""Mælstrom"", ""Sink or Swim"", ""Storm Surge"", ""Thundertow"", ""&ldquo;Bubbles&rdquo;"", ""Flamegill Enforcer"", ""Giltspine Netcaster"", ""Scyphos"", ""Wikolia"", ""Wikolia""]}"
01277a8a-bd48-42e9-bfa7-80d871fb661e,"Patchery, the Courier of Shadowroom",Call of the Archons,"Dis, Logos, Shadows",60,60,N/A,N/A,"{""Dis"": [""Control the Weak"", ""Fear"", ""Gongoozle"", ""Three Fates"", ""Charette"", ""Charette"", ""Guardian Demon"", ""Shooler"", ""Shooler"", ""Snudge"", ""Tentacus"", ""Tolas""], ""Logos"": [""Effervescent Principle"", ""Foggify"", ""Remote Access"", ""Anomaly Exploiter"", ""Dextre"", ""Dextre"", ""Dextre"", ""Ganymede Archivist"", ""Ganymede Archivist"", ""Skippy Timehog"", ""Titan Mechanic"", ""Vespilon Theorist""], ""Shadows"": [""Bait and Switch"", ""Lights Out"", ""Oubliette"", ""Bad Penny"", ""Bad Penny"", ""Nexus"", ""Old Bruno"", ""Silvertooth"", ""Silvertooth"", ""Umbra"", ""Umbra"", ""Urchin""]}"
3a5df2e2-7199-41d0-bbac-f7b592acdc69,"Mudmantid, the ""Head"" of the Revolution",Call of the Archons,"Brobnar, Logos, Untamed",60,53,N/A,N/A,"{""Brobnar"": [""Blood Money"", ""Loot the Bodies"", ""Punch"", ""Smith"", ""Tremor"", ""Firespitter"", ""Ganger Chieftain"", ""Grenade Snib"", ""Headhunter"", ""Looter Goblin"", ""Troll"", ""Blood of Titans""], ""Logos"": [""Library Access"", ""Twin Bolt Emission"", ""Twin Bolt Emission"", ""Wild Wormhole"", ""Brain Eater"", ""Dextre"", ""Doc Bookton"", ""Ganymede Archivist"", ""Ganymede Archivist"", ""Quixo the “Adventurer”"", ""Quixo the “Adventurer”"", ""Veylan Analyst""], ""Untamed"": [""Fogbank"", ""Key Charge"", ""Save the Pack"", ""Nepenthe Seed"", ""Ancient Bear"", ""Fuzzy Gruen"", ""Snufflegator"", ""Snufflegator"", ""Teliga"", ""Witch of the Eye"", ""Way of the Bear"", ""Way of the Wolf""]}"
9ca63578-4428-4331-b0ee-b97e6d05f33e,"Nance, the Attorney of Lanceslide",Call of the Archons,"Brobnar, Mars, Shadows",60,53,N/A,N/A,"{""Brobnar"": [""Anger"", ""Coward’s End"", ""Smith"", ""Smith"", ""Sound the Horns"", ""Unguarded Camp"", ""Ganger Chieftain"", ""Krump"", ""Smaaash"", ""Smaaash"", ""Wardrummer"", ""Phoenix Heart""], ""Mars"": [""Deep Probe"", ""EMP Blast"", ""Martians Make Bad Allies"", ""Mothership Support"", ""Soft Landing"", ""Mothergun"", ""Grommid"", ""Tunk"", ""Ulyq Megamouth"", ""Yxili Marauder"", ""Zyzzix the Many"", ""“John Smyth”""], ""Shadows"": [""Booby Trap"", ""Nerve Blast"", ""Seeker Needle"", ""Seeker Needle"", ""Bad Penny"", ""Carlo Phantom"", ""Magda the Rat"", ""Nexus"", ""Shadow Self"", ""Shadow Self"", ""Shadow Self"", ""Silvertooth""]}"
18473ece-d755-47a5-b547-563e10f404de,Xanadu Elkmint from the Charlatan's Port,Age of Ascension,"Mars, Shadows, Untamed",60,58,N/A,N/A,"{""Mars"": [""Extinction"", ""Phloxem Spike"", ""Mothergun"", ""Agent Hoo-man"", ""Agent Hoo-man"", ""Collector Worm"", ""Glyxl Proliferator"", ""Glyxl Proliferator"", ""Mindwarper"", ""Mindwarper"", ""Qyxxlyx Plague Master"", ""Red Planet Ray Gun""], ""Shadows"": [""Miasma"", ""Miasma"", ""Nerve Blast"", ""Nightforge"", ""Perplexing Sophistry"", ""Sucker Punch"", ""Swindle"", ""Skeleton Key"", ""Redlock"", ""Ronnie Wristclocks"", ""Umbra"", ""Umbra""], ""Untamed"": [""Curiosity"", ""Mimicry"", ""Nature’s Call"", ""Persistence Hunting"", ""Regrowth"", ""Soldiers to Flowers"", ""Dharna"", ""Fanghouse"", ""Grovekeeper"", ""Knoxx"", ""Knoxx"", ""Æmberspine Mongrel""]}"
80bc9981-e147-417a-8c21-bf2ebd4377e0,Baku the Suspiciously Macabre,Dark Tidings,"Logos, Unfathomable, Untamed",60,51,N/A,N/A,"{""Logos"": [""Archon’s Callback"", ""Information Exchange"", ""Information Exchange"", ""Science!"", ""Submersive Principle"", ""Theory or Conjecture"", ""Hydrocataloguer"", ""Fila the Researcher"", ""Infomorph"", ""Old Egad"", ""Old Egad"", ""PI Sweven""], ""Unfathom"": [""Call of the Void"", ""Call of the Void"", ""Mælstrom"", ""Sleep with the Fishes"", ""Storm Surge"", ""Giltspine Netcaster"", ""Horrid Synan"", ""Kiri Giltspine"", ""Photic Raider"", ""Rustmiser"", ""Valoocanth"", ""Wikolia""], ""Untamed"": [""Assert Dominance"", ""Genetic Drift"", ""Infighting"", ""Persistence Hunting"", ""Reap or Sow"", ""Reap or Sow"", ""The Fittest"", ""Thin the Herd"", ""The Mysticeti"", ""Kangaphant"", ""Mollymawk"", ""Youngest Bear""]}"
b5aceac2-a98a-4a83-ab4f-0cba6325a02d,Professor B. Audogoose,Dark Tidings,"Sanctum, Saurian, Unfathomable",60,56,N/A,N/A,"{""Sanctum"": [""First or Last"", ""Heal or Harm"", ""Light Everlasting"", ""Strange Ordination"", ""Taxing Journey"", ""Taxing Journey"", ""Almsmaster"", ""Bull-wark"", ""General Xalvador"", ""Holdfast"", ""Seneschal Sargassa"", ""Urien the Circumspect""], ""Saurian"": [""Crushing Charge"", ""Decadence"", ""Saury About That"", ""Wipe Clear"", ""Saurarium"", ""Censor Philo"", ""Faust the Great"", ""Lapisaurus"", ""Medicus Lacus"", ""Terrordactyl"", ""Terrordactyl"", ""Siren Horn""], ""Unfathom"": [""Brain Drain"", ""Call of the Void"", ""Mælstrom"", ""Rakuzel's Chant"", ""Echo Pearl"", ""&ldquo;Bubbles&rdquo;"", ""Flamegill Enforcer"", ""Flamegill Enforcer"", ""General Sherman"", ""Horrid Synan"", ""Photic Raider"", ""Wikolia""]}"
de6c3329-3f2d-4b6a-a45f-e8322b9d40d0,The One who Yearns For Plasma,Age of Ascension,"Brobnar, Dis, Untamed",59,53,N/A,N/A,"{""Brobnar"": [""Into the Fray"", ""Pound"", ""The Flex"", ""Tremor"", ""Tremor"", ""Gauntlet of Command"", ""Shard of Strength"", ""Bingle Bangbang"", ""Brammo"", ""Brammo"", ""Ganger Chieftain"", ""Ogopogo""], ""Dis"": [""Binding Irons"", ""Cull the Weak"", ""Cull the Weak"", ""Misery Exploit"", ""Poltergeist"", ""Unlocked Gateway"", ""Shard of Pain"", ""Charette"", ""Dust Imp"", ""Restringuntus"", ""Streke"", ""Æmber Imp""], ""Untamed"": [""Grasping Vines"", ""Nature’s Call"", ""Regrowth"", ""Regrowth"", ""Niffle Grounds"", ""Shard of Life"", ""Fanghouse"", ""Glimmer"", ""Knoxx"", ""Marmo Swarm"", ""Tantadlin"", ""Tantadlin""]}"
10ae1dab-54a9-4821-91c8-33f119bdb7b8,"Rector Protonode, the Atomic Mechanic",Call of the Archons,"Mars, Sanctum, Shadows",59,57,N/A,N/A,"{""Mars"": [""Battle Fleet"", ""Martians Make Bad Allies"", ""Phosphorus Stars"", ""Soft Landing"", ""Soft Landing"", ""Incubation Chamber"", ""Mothergun"", ""Grabber Jammer"", ""Tunk"", ""Vezyma Thinkdrone"", ""Yxilx Dominator"", ""Jammer Pack""], ""Sanctum"": [""Blinding Light"", ""Glorious Few"", ""Shield of Justice"", ""Take Hostages"", ""Terms of Redress"", ""Hallowed Blaster"", ""Commander Remiel"", ""Lord Golgotha"", ""Protectrix"", ""Sequis"", ""Protect the Weak"", ""Protect the Weak""], ""Shadows"": [""Imperial Traitor"", ""Lights Out"", ""Miasma"", ""Nerve Blast"", ""Poison Wave"", ""Subtle Maul"", ""Dodger"", ""Dodger"", ""Macis Asp"", ""Magda the Rat"", ""Nexus"", ""Umbra""]}"
fe398c72-3377-4955-af03-e1487148e1c2,"O. Ivolun, the School Warleader",Call of the Archons,"Logos, Mars, Sanctum",59,53,N/A,N/A,"{""Logos"": [""Dimension Door"", ""Effervescent Principle"", ""Foggify"", ""Labwork"", ""Library Access"", ""Positron Bolt"", ""Strange Gizmo"", ""Mother"", ""Mother"", ""Quixo the “Adventurer”"", ""Titan Mechanic"", ""Titan Mechanic""], ""Mars"": [""Ammonia Clouds"", ""Phosphorus Stars"", ""Psychic Network"", ""Soft Landing"", ""Incubation Chamber"", ""Incubation Chamber"", ""Mindwarper"", ""Vezyma Thinkdrone"", ""Yxilx Dominator"", ""“John Smyth”"", ""“John Smyth”"", ""Jammer Pack""], ""Sanctum"": [""Blinding Light"", ""Cleansing Wave"", ""Inspiration"", ""Terms of Redress"", ""The Harder They Come"", ""Virtuous Works"", ""Hallowed Blaster"", ""Bulwark"", ""Protectrix"", ""Sergeant Zakiel"", ""Staunch Knight"", ""Protect the Weak""]}"
c73ce50d-020b-4f7e-879a-a0dae6178c45,Campbell of Berglane Tomb,Dark Tidings,"Sanctum, Saurian, Unfathomable",59,51,N/A,N/A,"{""Sanctum"": [""Heal or Harm"", ""Honor or Glory"", ""Strange Ordination"", ""Gorm of Omm"", ""Bull-wark"", ""General Xalvador"", ""Lærie of the Lake"", ""Seneschal Sargassa"", ""Seneschal Sargassa"", ""Sir Bevor"", ""The Grey Rider"", ""The Vaultkeeper""], ""Saurian"": [""Carpe Vinum"", ""Decadence"", ""Ostracize"", ""Reach Advantage"", ""Reach Advantage"", ""Tertiate"", ""Wipe Clear"", ""Saurarium"", ""The First Scroll"", ""Consul Primus"", ""Consul Primus"", ""Venator Altum""], ""Unfathom"": [""Dark Discovery"", ""Dive Deep"", ""Drawn Down"", ""Rakuzel's Chant"", ""Rakuzel's Chant"", ""Sink or Swim"", ""Storm Surge"", ""&ldquo;Bubbles&rdquo;"", ""Giltspine Netcaster"", ""Kiri Giltspine"", ""Photic Raider"", ""Wikolia""]}"
b10169c8-9c22-4e3d-83a8-7e1832df5317,Polluted “Nitro” Abudia,Age of Ascension,"Brobnar, Dis, Sanctum",58,52,N/A,N/A,"{""Brobnar"": [""Coward’s End"", ""Coward’s End"", ""Coward’s End"", ""Coward’s End"", ""Into the Fray"", ""Tremor"", ""Tremor"", ""Foozle"", ""Gargantes Scrapper"", ""Groggins"", ""Groke"", ""Cybergiant Rig""], ""Dis"": [""Binding Irons"", ""Exhume"", ""Unlocked Gateway"", ""Angwish"", ""Charette"", ""Dust Imp"", ""Dust Imp"", ""Gub"", ""Gub"", ""Streke"", ""Tolas"", ""Yurk""], ""Sanctum"": [""Haedroth’s Wall"", ""Hallowed Shield"", ""Baron Mengevin"", ""Baron Mengevin"", ""Bordan the Redeemed"", ""Maruck the Marked"", ""Mother Northelle"", ""Mother Northelle"", ""Sir Marrows"", ""The Grey Rider"", ""“Lion” Bautrem"", ""“Lion” Bautrem""]}"
218e8d91-0134-406d-b5da-a5bdee5c65d4,Hemileon of Urtduct,Dark Tidings,"Saurian, Shadows",58,48,N/A,N/A,"{""Saurian"": [""Crushing Charge"", ""Di-No You Didn't!"", ""Enlist Numeri"", ""Wipe Clear"", ""Bestiarii Urso"", ""Cornicen Octavia"", ""Gladiodontus"", ""High Priest Torvus"", ""Lapisaurus"", ""Magistra Vita"", ""Undagnathus"", ""Venator Altum""], ""Shadows"": [""Cement Shoes"", ""Easy Marks"", ""Hornswoggle"", ""Kerwollop"", ""Mug"", ""Seeker Needle"", ""Hard Simpson"", ""Hobnobber"", ""Jackie Tar"", ""Jackie Tar"", ""Sea Urchin"", ""Shoulder Id""], ""Star"": [""Sabotage Mission"", ""Zap"", ""Zap"", ""C.R. Officer Hawkins"", ""CH-337A"", ""Colonist Chapman"", ""Diplomat Agung"", ""Light of the Archons"", ""Officer's Blaster"", ""Officer's Blaster"", ""Officer's Blaster"", ""Æmber-vac""]}"
a57c56ef-0806-4087-971e-464da5a7c676,The Sir of Roundville,Dark Tidings,"Sanctum, Shadows, Untamed",58,50,N/A,N/A,"{""Sanctum"": [""Bring Low"", ""Heal or Harm"", ""Taxing Journey"", ""Almsmaster"", ""Almsmaster"", ""General Xalvador"", ""Marshal Ewer"", ""Sir Bevor"", ""Sir Bevor"", ""Staunch Knight"", ""Staunch Knight"", ""Seraphic Armor""], ""Shadows"": [""Cement Shoes"", ""Kerwollop"", ""Mug"", ""Walk the Plank"", ""Walk the Plank"", ""Seeker Needle"", ""Gas-Pipes Malone"", ""Jackie Tar"", ""Monty Bank"", ""One-Eyed Willa"", ""Shoulder Id"", ""Shoulder Id""], ""Untamed"": [""All Tide Up"", ""All Tide Up"", ""Assert Dominance"", ""Assert Dominance"", ""Genetic Drift"", ""Stampede"", ""Thin the Herd"", ""Æmbermancy"", ""Ritual of Balance"", ""Floomf"", ""Floomf"", ""Youngest Bear""]}"
ecff7608-fcb6-4a66-9059-f1207093f385,"Cleora, Estate Baron",Age of Ascension,"Logos, Mars, Untamed",56,45,N/A,N/A,"{""Logos"": [""Bouncing Deathquark"", ""Library of Babble"", ""Library of Babble"", ""Memory Chip"", ""Shard of Knowledge"", ""Archimedes"", ""Director of Z.Y.X."", ""Hexpion"", ""Pip Pip"", ""Professor Sutterkin"", ""Research Smoko"", ""Research Smoko""], ""Mars"": [""Mars First"", ""Orbital Bombardment"", ""Sample Collection"", ""Mothergun"", ""Mothergun"", ""Shard of Hate"", ""Glyxl Proliferator"", ""Ixxyxli Fixfinger"", ""Skybooster Squadron"", ""Vezyma Thinkdrone"", ""Xanthyx Harvester"", ""Yxilx Dominator""], ""Untamed"": [""Key Charge"", ""Nature’s Call"", ""Persistence Hunting"", ""Persistence Hunting"", ""Persistence Hunting"", ""Save the Pack"", ""Shard of Life"", ""Dharna"", ""Glimmer"", ""Kindrith Longshot"", ""Teliga"", ""Way of the Porcupine""]}"
888294df-8279-42d5-b910-f6dc20af4257,"Torchtag, the Able Plaza Oak",Call of the Archons,"Mars, Sanctum, Untamed",56,47,N/A,N/A,"{""Mars"": [""Deep Probe"", ""Mothership Support"", ""Soft Landing"", ""Custom Virus"", ""Grabber Jammer"", ""Mindwarper"", ""Uxlyx the Zookeeper"", ""Vezyma Thinkdrone"", ""Yxilx Dominator"", ""Zorg"", ""Biomatrix Backup"", ""Red Planet Ray Gun""], ""Sanctum"": [""Blinding Light"", ""Cleansing Wave"", ""Inspiration"", ""Shield of Justice"", ""Terms of Redress"", ""Gatekeeper"", ""Raiding Knight"", ""Sergeant Zakiel"", ""Sergeant Zakiel"", ""Staunch Knight"", ""Protect the Weak"", ""Protect the Weak""], ""Untamed"": [""Cooperative Hunting"", ""Lifeweb"", ""Nocturnal Maneuver"", ""Save the Pack"", ""Stampede"", ""Vigor"", ""Ancient Bear"", ""Mushroom Man"", ""Niffle Ape"", ""Niffle Ape"", ""Niffle Queen"", ""Witch of the Eye""]}"
d06ffaad-1fdf-45ff-a3ac-f2184e5996d8,Dobbins of Grandwater Cottage,Call of the Archons,"Logos, Mars, Sanctum",55,51,N/A,N/A,"{""Logos"": [""Effervescent Principle"", ""Labwork"", ""Library Access"", ""Twin Bolt Emission"", ""Anomaly Exploiter"", ""Library of Babble"", ""Pocket Universe"", ""Batdrone"", ""Brain Eater"", ""Dextre"", ""Dr. Escotera"", ""Transposition Sandals""], ""Mars"": [""Ammonia Clouds"", ""Ammonia Clouds"", ""Battle Fleet"", ""Deep Probe"", ""Soft Landing"", ""Swap Widget"", ""Grabber Jammer"", ""Tunk"", ""Vezyma Thinkdrone"", ""Yxili Marauder"", ""Yxilo Bolter"", ""Jammer Pack""], ""Sanctum"": [""Blinding Light"", ""Cleansing Wave"", ""Cleansing Wave"", ""Shield of Justice"", ""Shield of Justice"", ""Gorm of Omm"", ""Sigil of Brotherhood"", ""Raiding Knight"", ""Raiding Knight"", ""Sergeant Zakiel"", ""Protect the Weak"", ""Protect the Weak""]}"
71c97e27-84a0-4775-86fd-c0044eb02e3e,"Deathhuge, Jungle Spirit-Singer",Call of the Archons,"Mars, Shadows, Untamed",55,46,N/A,N/A,"{""Mars"": [""Deep Probe"", ""Hypnotic Command"", ""Soft Landing"", ""Soft Landing"", ""Crystal Hive"", ""Mothergun"", ""Blypyp"", ""Blypyp"", ""Tunk"", ""Yxilo Bolter"", ""Yxilo Bolter"", ""Biomatrix Backup""], ""Shadows"": [""Bait and Switch"", ""Lights Out"", ""Miasma"", ""Oubliette"", ""Pawn Sacrifice"", ""Poison Wave"", ""Subtle Maul"", ""Bad Penny"", ""Carlo Phantom"", ""Macis Asp"", ""Mack the Knife"", ""Old Bruno""], ""Untamed"": [""Cooperative Hunting"", ""Cooperative Hunting"", ""Lost in the Woods"", ""Lost in the Woods"", ""Lost in the Woods"", ""Halacor"", ""Niffle Ape"", ""Niffle Ape"", ""Niffle Queen"", ""Snufflegator"", ""Way of the Wolf"", ""Way of the Wolf""]}"
0a65d167-4640-4ccc-bc63-06715ee724ac,"Ghostmare, the Justiciar of the Tomb",Age of Ascension,"Brobnar, Dis, Sanctum",55,53,N/A,N/A,"{""Brobnar"": [""Burn the Stockpile"", ""Coward’s End"", ""Coward’s End"", ""Pound"", ""Pound"", ""Sound the Horns"", ""The Flex"", ""Shard of Strength"", ""Drummernaut"", ""Drummernaut"", ""Foozle"", ""Foozle""], ""Dis"": [""Binding Irons"", ""Pandemonium"", ""Three Fates"", ""Unlocked Gateway"", ""Shard of Pain"", ""Bloodshard Imp"", ""Dust Imp"", ""Gub"", ""Streke"", ""Tentacus"", ""Yurk"", ""Æmber Imp""], ""Sanctum"": [""Doorstep to Heaven"", ""Equalize"", ""Take Hostages"", ""Gorm of Omm"", ""Hallowed Shield"", ""Shard of Hope"", ""Bordan the Redeemed"", ""Brobnar Ambassador"", ""Challe the Safeguard"", ""Gatekeeper"", ""“Lion” Bautrem"", ""Protect the Weak""]}"
4873dd76-b089-4f9f-88b5-0f24bb771a3a,Evil Twin of Tyus “High Speed” Cardfold,Dark Tidings,"Logos, Saurian, Shadows",54,51,N/A,N/A,"{""Logos"": [""Final Analysis"", ""Anomaly Exploiter"", ""The Howling Pit"", ""Armadrone – Evil Twin"", ""Captain Kresage – Evil Twin"", ""Infomorph"", ""Infomorph"", ""Infomorph"", ""Novu Archaeologist"", ""Old Egad – Evil Twin"", ""Static Charge"", ""Static Charge""], ""Saurian"": [""Carpe Vinum"", ""Decadence"", ""Diplo-Macy"", ""Ostracize"", ""Spoils of Battle"", ""Tertiate"", ""The First Scroll"", ""Bestiarii Urso – Evil Twin"", ""Eclectic Ambrosius – Evil Twin"", ""Lapisaurus – Evil Twin"", ""Senator Quintina"", ""Venator Altum""], ""Shadows"": [""&ldquo;Borrow&rdquo;"", ""Easy Marks"", ""Safe or Sorry"", ""Seeker Needle"", ""Seeker Needle"", ""Trickle-Down Theory"", ""Gas-Pipes Malone"", ""Hard Simpson – Evil Twin"", ""Hard Simpson – Evil Twin"", ""Jackie Tar"", ""One-Eyed Willa – Evil Twin"", ""One-Eyed Willa – Evil Twin""]}"
cc9362bf-5acf-414f-9359-0415f25bc517,Dreaded Sunseeker Xplosions,Age of Ascension,"Brobnar, Dis, Mars",53,52,N/A,N/A,"{""Brobnar"": [""1-2 Punch"", ""1-2 Punch"", ""Burn the Stockpile"", ""Coward’s End"", ""Gauntlet of Command"", ""Bingle Bangbang"", ""Brammo"", ""Culf the Quiet"", ""Drummernaut"", ""Gargantes Scrapper"", ""Gargantes Scrapper"", ""Groke""], ""Dis"": [""Cull the Weak"", ""Cull the Weak"", ""Exhume"", ""Hysteria"", ""Lash of Broken Dreams"", ""Charette"", ""Gub"", ""Gub"", ""Onyx Knight"", ""Skullion"", ""Æmber Imp"", ""Æmber Imp""], ""Mars"": [""Carpet Phloxem"", ""Destroy Them All!"", ""Mars First"", ""Martian Generosity"", ""Sample Collection"", ""Mothergun"", ""Mothergun"", ""Æmber Conduction Unit"", ""Æmber Conduction Unit"", ""Mindworm"", ""Mindworm"", ""Vezyma Thinkdrone""]}"
